{
  "params": [
    16.50084070904646,
    48.61915932030186,
    41.40514105819858,
    55.72382726139696,
    39.02088657490599,
    40.09333871939435,
    61.88900231063205,
    36.15801304757987,
    41.08185709376029,
    48.02332088042553,
    63.74522882008408,
    -38.295869435572016,
    -7.087452083475647
  ],
  "metrics": {
    "ok": true,
    "length": 25.99998697145675,
    "height": 28.925084094761147,
    "spi_margin": 141.3691773785804,
    "asi_margin": 0.3487278104300229,
    "score": 37.587889385025335
  }
}