{
  "params": [
    14.556674743206628,
    48.85901359152392,
    40.598044681155706,
    53.96666783076461,
    38.689976587881034,
    38.01697824089735,
    60.83123826636322,
    36.54233313672653,
    39.516758193172436,
    50.50216252074397,
    66.3301746932507,
    -37.13602623987075,
    -6.283637225730439
  ],
  "metrics": {
    "ok": true,
    "length": 20.637269801907113,
    "height": 41.72979162943856,
    "score": 62.367061431345675
  }
}