{
  "params": [
    15.550243192683135,
    48.061670640817184,
    42.57273999109343,
    57.00682465558965,
    40.41868618356071,
    40.742927119396356,
    62.91754531084259,
    36.31803965478194,
    39.79842057797157,
    49.01715471102639,
    67.63072099509759,
    -36.78071439974324,
    -8.76694301725877
  ],
  "metrics": {
    "ok": true,
    "length": 24.45693160321187,
    "height": 41.83365745263673,
    "score": 45.373760329530235
  }
}