{
  "params": [
    15.706375994104633,
    51.173877295672476,
    43.99491270004741,
    54.688415803131704,
    41.200788955349715,
    38.76327452041203,
    61.29322659049742,
    37.788579374241856,
    41.8329073088516,
    50.6639966408575,
    65.55880456868181,
    -37.45835202662486,
    -8.21285936940117
  ],
  "metrics": {
    "ok": true,
    "streak": 39.67991496992887,
    "height": 39.65316831585446,
    "score": 79.33308328578333
  }
}