{
  "idx": 221756.0,
  "link_lengths": [17.0, 48.0, 43.5, 55.8, 40.1, 37.3, 59.9, 38.7, 39.4, 49.0, 65.7],
  "nodes(4,:)": [-39.0, -7.8],
  "step_height": 22.7153,
  "step_length": 74.7359,
  "stable_pairs": 16.0,
  "longest_streak": 37.25331,
  "mean_y": -84.1864,
  "std_y": 5.80082,
  "step_height_plus_longest": null
}